State,Square Energy,Circle Energy,Hexagon Energy,Stadium Energy
1,9.879347024238493,9.089568816203943,9.30149910883806,11.396645559349988
2,24.71589056073182,23.100900236440502,23.59457124031592,19.027736320191
3,24.739335908614255,23.10127488177897,23.597338491793245,31.41691714222907
4,39.6341240374815,41.54073203517524,42.275301206653346,38.405921844784785
5,49.53971347740792,41.57393440441736,42.309283209365994,47.49456282924488
6,49.54015032054405,48.03539324222715,48.88467045554838,48.21466144149678
7,64.44470925170813,64.24972061482032,62.16579015056375,62.09499674983202
8,64.64297520212058,64.25332519254995,68.73920010101139,69.07763754639187
9,84.40766366941132,77.76835300991186,78.53778357420944,81.51679562543727
10,84.42048113871826,77.77403725078915,78.56317172624614,83.27017795448705
11,89.60845142202591,91.07567075918622,91.73858752918622,91.41422517437859
12,99.55310859685682,91.07827398501607,91.76866620104076,96.41994033959189
13,99.56340311127721,112.13401873761732,114.61384483195579,105.05195628643978
14,124.45801682489524,112.35773281612086,114.79298954900638,109.52193441334755
15,125.24026833226493,118.7075016259891,118.03890082279585,124.40138675946585
16,129.48741525594147,121.9716288712171,123.62870909928785,132.0782717829805
17,129.48781929929797,121.9843140905129,123.75103210302152,132.17082691615363
18,144.77359768337712,151.37476393286008,144.94667929159914,145.97838940253155
19,144.84412147615836,151.3905415682381,158.9100448988747,157.54177149442995
20,160.3272523618142,156.9226650073648,161.47287914022675,158.00263396261408
